provider_id,avg_fraud,max_anomaly
1,0.07743228468538021,6.349247455596924
2,0.09042764097470253,5.4894914627075195
3,0.08934140193746395,1.5540640354156494
4,0.07855114428160312,2.58415150642395
5,0.08367393605210513,5.573590278625488
6,0.08248412984311157,2.976523160934448
7,0.09651015518118984,4.819314956665039
8,0.09657127800008922,3.031646728515625
9,0.09019122722877099,3.779592990875244
10,0.08783965616235614,8.210139274597168
11,0.09455273327502628,5.023204803466797
12,0.096533515445467,6.1988935470581055
13,0.08940563067901855,5.654638290405273
14,0.07422724602925984,4.360580921173096
15,0.0829807490578748,4.994870185852051
16,0.11375241053327591,4.0432634353637695
17,0.09132172726716367,3.074812889099121
18,0.0751161978181621,8.033514976501465
19,0.08342963979120305,4.9281792640686035
20,0.10506513497120859,4.70387601852417
21,0.07423925489086283,4.6372199058532715
22,0.09113812215368089,5.1663818359375
23,0.07188615857969824,3.6189918518066406
24,0.08403969581059623,5.266099452972412
25,0.07537922836983126,3.67156982421875
26,0.09104288134835015,3.9261748790740967
27,0.08150202671477808,3.758435487747192
28,0.0726586417853292,5.513890266418457
29,0.09253347415739666,2.163773775100708
30,0.08335614472520844,2.6626181602478027
31,0.08549726982748886,3.1672637462615967
32,0.08053929493489823,3.5486037731170654
33,0.08406020549233054,3.4700253009796143
34,0.08774819082040182,3.331554412841797
35,0.08357553014240501,3.0812811851501465
36,0.09096494462263688,3.367621660232544
37,0.08815576689651573,3.8510584831237793
38,0.0710812462584696,3.3236796855926514
39,0.08005768508856032,4.940106391906738
40,0.08551908244620066,8.945730209350586
41,0.09316698034148177,4.468692302703857
42,0.08042846665406528,3.654179096221924
43,0.08256744354287467,3.487826108932495
44,0.07795358869106217,1.8144028186798096
45,0.07972073175760606,2.945784330368042
46,0.07682238985451866,8.490731239318848
47,0.09999035222072608,2.608926296234131
48,0.08180985156349682,2.944056749343872
49,0.11295347151400563,3.316408634185791
50,0.0788982391498724,8.707884788513184
51,0.09739401419107582,3.263429641723633
52,0.10202449718070498,7.557845115661621
53,0.090344506732226,3.615887403488159
54,0.09940780709694633,4.558023452758789
55,0.08397249248520089,6.009575843811035
56,0.09590707513296963,5.961355209350586
57,0.07271375129266848,8.127535820007324
58,0.09204587244499436,2.8400025367736816
59,0.09735143976429135,2.5545125007629395
60,0.07896146996918267,11.153968811035156
61,0.08999368544919836,7.929255485534668
62,0.08882367057787419,4.055917739868164
63,0.08687560160356439,4.099322319030762
64,0.09203560808413935,7.953733921051025
65,0.07479806000567027,3.39513635635376
66,0.07904070246796607,6.3333353996276855
67,0.08304650355166643,5.422084331512451
68,0.07816779881983385,4.149808406829834
69,0.08290304970754828,2.929564952850342
70,0.0827056928956984,2.9926352500915527
71,0.07662062530553469,9.080448150634766
72,0.08312251134733538,7.907637596130371
73,0.08812043424842766,14.751078605651855
74,0.08832718189352963,4.0861711502075195
75,0.08646569427460424,4.167565822601318
76,0.09944703600619291,13.44477081298828
77,0.07787216404376296,8.120044708251953
78,0.07714411435608459,3.158834934234619
79,0.08231604900667493,6.613938331604004
80,0.07953795878536753,6.174056053161621
81,0.10798130932360683,3.1781561374664307
82,0.07530712702681554,16.342607498168945
83,0.08719382345767811,6.974073886871338
84,0.07431100138402365,3.762092113494873
85,0.08890426752026968,2.882211446762085
86,0.10133364869597257,5.182608127593994
87,0.08701963768534653,3.948272228240967
88,0.09816031083887455,5.017412185668945
89,0.08386749684519798,3.8047866821289062
90,0.08419504789284016,8.573789596557617
91,0.0989377620545366,2.617795944213867
92,0.09556885912859953,5.626092433929443
93,0.10310799252994433,4.0798139572143555
94,0.09400905509117187,3.87763786315918
95,0.08828778901433913,9.191609382629396
96,0.08503954321038057,3.818979263305664
97,0.09899605460147198,2.8385958671569824
98,0.07306196488994196,4.3506669998168945
99,0.09503207333510386,7.745089054107666
100,0.07799020604453963,4.543839454650879
101,0.0753778261040192,1.5915008783340454
102,0.07312936674559811,3.8670268058776855
103,0.09193774104203976,5.286750316619873
104,0.09963751963808132,9.990643501281738
105,0.08731556022396136,8.09382438659668
106,0.07270714824284116,5.717591285705566
107,0.07191324590707764,4.045561790466309
108,0.08282942201682814,9.472610473632812
109,0.08485633787339615,2.993091583251953
110,0.0923905588106838,2.948981523513794
111,0.07960259950901685,4.76406192779541
112,0.07199135709172365,3.022186756134033
113,0.10036760288419515,4.033526420593262
114,0.07783509061696232,4.755284309387207
115,0.09027804415257286,3.053767204284668
116,0.09317424466345622,4.528763771057129
117,0.07737991568976882,4.865537643432617
118,0.09210359368428817,3.177123546600342
119,0.082596409541076,2.5228593349456787
120,0.08869558852553971,6.303239345550537
121,0.09513867065372411,11.710811614990234
122,0.08596792331582039,4.962399482727051
123,0.09042143513493743,2.5176002979278564
124,0.07428628609639737,6.6265716552734375
125,0.08975354688068934,9.49909496307373
126,0.08177139251647918,6.877100467681885
127,0.09238607738333113,4.276424407958984
128,0.07995941191262489,7.059043884277344
129,0.09368845481109768,2.3483211994171143
130,0.07770984412264188,7.871768951416016
131,0.10001092892040617,2.821474552154541
132,0.08880504766864122,2.94162917137146
133,0.08248039376173827,14.804933547973633
134,0.09181859060849971,6.7760329246521
135,0.07555793447573422,2.580461263656616
136,0.08029578146350369,6.547902584075928
137,0.08019983421929927,4.933911323547363
138,0.07360911172189853,2.295241355895996
139,0.07788567230810071,1.5894784927368164
140,0.08088988375749406,16.68934440612793
141,0.07832440084700942,4.602593898773193
142,0.09744982203315322,6.256004810333252
143,0.0880839087792659,4.145798683166504
144,0.10523503675044987,6.226508140563965
145,0.08038540928231262,9.142670631408691
146,0.09180160426889271,3.812749147415161
147,0.08962962447495781,2.2803444862365723
148,0.07286968390232573,4.055541515350342
149,0.08517421843152048,1.9834096431732176
150,0.09109346109772533,3.6286978721618657
151,0.07167099886478005,10.092427253723145
152,0.09349180042704709,4.726931095123291
153,0.0792544840940245,5.3410258293151855
154,0.09025798102958581,6.990240573883057
155,0.0876717596456034,7.029520511627197
156,0.09266159967554183,5.2751665115356445
157,0.09449026739352769,5.347613334655762
158,0.0807607876962377,7.389367580413818
159,0.11148812758214265,4.67031192779541
160,0.10579555853848015,6.300564765930176
161,0.09392545553320662,9.411532402038574
162,0.08596826769376148,2.168689250946045
163,0.09007503135563202,3.839232921600342
164,0.07503036692961412,5.322141170501709
165,0.08896489671330528,7.737727165222168
166,0.10097036266365393,8.308455467224121
167,0.08164388822517335,2.648936033248902
168,0.09772438783397316,11.92428493499756
169,0.07589942988700554,3.676175355911255
170,0.07193057445869717,5.087600231170654
171,0.12315455932152501,5.48225736618042
172,0.1305479483791309,5.6242146492004395
173,0.09139445423335354,3.863091945648194
174,0.08497098685415,5.166439533233643
175,0.07556039820172558,5.802141189575195
176,0.07647096256344632,7.102747917175293
177,0.08560880401082378,2.8087971210479736
178,0.0825094111862999,6.289877414703369
179,0.08409770041152607,2.6952295303344727
180,0.10884146648359093,4.041840076446533
181,0.07860207173494937,3.461508274078369
182,0.10182130933741346,6.548574924468994
183,0.07461522427948043,5.149714946746826
184,0.07284405622661501,7.52520227432251
185,0.07570841620879784,3.732285737991333
186,0.07204261581139478,5.47451639175415
187,0.08354198393190755,3.7926814556121826
188,0.07783833745204675,2.2949378490448
189,0.07005357534462199,7.809415340423584
190,0.09449279086389865,3.818522691726685
191,0.08341182830896407,2.9244132041931152
192,0.08602353740038331,2.9041848182678223
193,0.08307232277248654,1.6015055179595947
194,0.08202457648789963,7.396359443664551
195,0.09394282160931759,6.825417995452881
196,0.08354010842647715,4.412257194519043
197,0.10298760096418769,3.5436031818389893
198,0.07705622085768483,2.193694591522217
199,0.0737962760575056,3.497233629226685
200,0.07954124649686445,5.601140022277832
201,0.09191653235530113,3.6925671100616455
202,0.131463532401711,8.77806568145752
203,0.08618959282101091,12.945155143737791
204,0.09530214405477239,10.944546699523926
205,0.08932514867744584,5.765271186828613
206,0.07521834239515619,3.180039405822754
207,0.08588635959619502,6.826244354248047
208,0.08884381539245771,2.689969062805176
209,0.08283164348875488,1.9654455184936523
210,0.07687410408526643,3.1960065364837646
211,0.07964834994179373,4.732571125030518
212,0.10691624266651391,6.833957672119141
213,0.09807996902249266,3.1333413124084473
214,0.09308739282285523,6.625212669372559
215,0.0962627001998781,6.041725158691406
216,0.0839907716914212,4.840155124664307
217,0.0836844009622163,3.054549217224121
218,0.08231950602331929,8.983052253723145
219,0.08549074468060794,1.95892071723938
220,0.09227573145858271,4.302573204040527
221,0.08813483219970765,4.886702060699463
222,0.09480989581352905,7.806085109710693
223,0.07203293360389589,5.473607540130615
224,0.08811294243741007,2.9613699913024902
225,0.07365890562093931,4.105856895446777
226,0.0771924022050372,4.547463893890381
227,0.08352762535362883,3.70519757270813
228,0.07978738801604648,1.852177619934082
229,0.08861148342395005,5.419308662414551
230,0.08019976049986172,9.48060417175293
231,0.08861804057391182,2.1545798778533936
232,0.09150507728209491,3.664409637451172
233,0.08999884738030621,1.9143766164779663
234,0.09149378579647732,2.6957223415374756
235,0.08311286582884134,2.6731011867523193
236,0.07502484248676637,2.6451566219329834
237,0.08616264726958246,12.211343765258787
238,0.08235883642006893,4.463446617126465
239,0.07529629637059994,6.687325954437256
240,0.08213125240653163,2.441638708114624
241,0.12021692736858101,3.6144771575927734
242,0.08700109679061391,8.690108299255371
243,0.09263293554016241,7.562059879302979
244,0.08606180503854229,2.4689412117004395
245,0.0771207060981385,1.801386475563049
246,0.080164413698029,2.517089366912842
247,0.10285508627879526,5.082912445068359
248,0.07531264151539006,6.169954299926758
249,0.08643013718188418,4.743325710296631
250,0.08039379062157324,2.302506923675537
251,0.09882696590494124,5.8920392990112305
252,0.07877632325039977,4.261239051818848
253,0.09750163926283939,5.099366188049316
254,0.08163686234448768,7.865971565246582
255,0.08774305017156896,1.6201865673065186
256,0.08195839235562442,10.541521072387695
257,0.08662730438484957,3.388629913330078
258,0.09452179800334347,4.725046157836914
259,0.10075242774053515,4.282382011413574
260,0.0765514345198978,4.5035624504089355
261,0.10943331949280756,3.676601886749267
262,0.08081549727981914,3.654914379119873
263,0.07346191995442183,3.1638083457946777
264,0.08950861138527266,6.5748701095581055
265,0.09101128743270961,6.511507987976074
266,0.080386703729279,2.919189691543579
267,0.07652243736309117,6.315892219543457
268,0.07702106385459494,3.3154120445251465
269,0.09294045243842143,2.32848596572876
270,0.10210714169979143,7.930718421936035
271,0.11529563694885558,2.3306117057800293
272,0.0799874111554594,8.92252254486084
273,0.08488914435689263,2.8118011951446533
274,0.07547824151088588,4.963860511779785
275,0.10064729764088347,3.658163785934448
276,0.08487890417857837,16.098989486694336
277,0.07554939259289735,3.007012128829956
278,0.07521338860536829,3.470839262008667
279,0.11178929488038092,5.215744495391846
280,0.08776032425372408,4.993660926818848
281,0.07837707675378694,3.0588250160217285
282,0.09482159704185669,21.281455993652344
283,0.10675025398297999,2.6011099815368652
284,0.07966816134263094,8.339181900024414
285,0.09420104189727357,10.819050788879396
286,0.08935001314132757,8.865825653076172
287,0.0839050801842209,4.055785179138184
288,0.07674705551592223,4.493974685668945
289,0.08451619368200732,6.614156246185303
290,0.09550852899829211,5.186621189117432
291,0.08877511885336424,7.679286956787109
292,0.07988433800901876,3.646618604660034
293,0.0976900248382857,8.339414596557617
294,0.0931021098978101,3.5252537727355957
295,0.0786870424882249,7.037919521331787
296,0.07716899585377891,2.521648645401001
297,0.10860305509903313,2.1028847694396973
298,0.08104193019120524,3.0353617668151855
299,0.0819018987338421,6.4898481369018555
300,0.09410798078378618,5.828242778778076
301,0.08217790794795317,7.500893592834473
302,0.09609683601334658,3.5745365619659424
303,0.07283837107795327,2.7125253677368164
304,0.08739899943554387,3.7708117961883545
305,0.09184848727631918,9.001093864440918
306,0.07899622652487968,7.857775688171387
307,0.08818163664725757,4.852416038513184
308,0.08997421042283064,13.584205627441406
309,0.0933628414492751,4.874833106994629
310,0.07241144624234669,2.9279160499572754
311,0.07586585226360709,3.534973621368408
312,0.08172159351142527,3.543231964111328
313,0.0823250848400985,4.520171642303467
314,0.10482995560712627,6.940649509429932
315,0.07583756408487406,5.685035228729248
316,0.08107371858451004,8.284074783325195
317,0.10345191455175921,7.1112847328186035
318,0.09934667163337904,6.997714042663574
319,0.0931656686558955,3.1447596549987793
320,0.08646422538639442,6.026690483093262
321,0.0873455571228456,3.56701922416687
322,0.07064058518610261,7.028548240661621
323,0.09339031210636478,6.0742106437683105
324,0.07438736507570937,3.0423905849456787
325,0.08788259920692842,2.7603402137756348
326,0.09512771957004436,3.123717784881592
327,0.08003727587160382,2.262232780456543
328,0.08641674844803211,4.2989277839660645
329,0.08391133198696911,6.608654975891113
330,0.08659815018055114,4.562329292297363
331,0.08752892613017585,4.5492329597473145
332,0.07862614099848876,1.6114839315414429
333,0.08814717689641523,3.247866153717041
334,0.09582408189930904,6.607693672180176
335,0.09646850529618584,5.350003242492676
336,0.0780046528784961,4.650415897369385
337,0.08035318684586673,3.205228328704834
338,0.08822246254254688,3.730689525604248
339,0.09700081419667779,2.0277743339538574
340,0.08746750634623582,6.3321990966796875
341,0.09670118520525625,3.3000004291534424
342,0.07582589810267863,4.591409683227539
343,0.07859117433800387,5.925802707672119
344,0.07793244445855937,2.03369665145874
345,0.10756632204628347,2.2579736709594727
346,0.08676715560417363,12.277605056762695
347,0.08136417057573858,6.967902183532715
348,0.08130073394342538,2.9652323722839355
349,0.0739878856008866,2.6919808387756348
350,0.08096574401803179,4.268651962280273
351,0.08813046955058597,5.23011589050293
352,0.10576678208256374,8.280096054077148
353,0.10233231642626435,4.034807205200195
354,0.09220198708300499,2.593618392944336
355,0.10667711552811832,17.143596649169922
356,0.09712080139309329,2.930798292160034
357,0.07806230999313236,2.87544322013855
358,0.09907025764427435,2.6199793815612793
359,0.07312724956120496,1.0133845806121826
360,0.11083909107805258,4.3791093826293945
361,0.09220985882808742,5.485960960388184
362,0.09051828083864373,4.068414211273193
363,0.08493377464829217,2.717209815979004
364,0.0966156404800932,4.270567893981934
365,0.0808315790400882,5.25839900970459
366,0.105442119072199,4.772252082824707
367,0.07323881782848343,6.681003570556641
368,0.10255255194679752,5.1739912033081055
369,0.08564132717475888,6.946830749511719
370,0.08410857285184403,2.0477023124694824
371,0.0894314760154673,8.0233793258667
372,0.07427692561641755,7.044283866882324
373,0.08825433688339453,4.866049766540527
374,0.07326503626802694,4.037280559539795
375,0.09416943593041785,2.6589150428771973
376,0.08163478648437461,3.6007659435272217
377,0.08769494570567404,3.851613521575928
378,0.09781586949298293,3.9527957439422607
379,0.08274666392277859,2.554766893386841
380,0.07818372069278924,2.5913825035095215
381,0.08965029024239905,3.450345277786255
382,0.10356111316312519,6.225269317626953
383,0.07896387730609268,5.6841254234313965
384,0.08364391072779456,6.509966850280762
385,0.0706384820192859,4.04411506652832
386,0.10567447192306496,6.456591606140137
387,0.08900350961778648,4.880539894104004
388,0.07741414846393889,4.784893035888672
389,0.08833401361898142,8.729541778564453
390,0.08138372800623332,4.578175067901611
391,0.07443147122996456,2.8113436698913574
392,0.08086859251293683,6.970815181732178
393,0.08543430325063422,3.384868621826172
394,0.09058458208808853,3.507136583328247
395,0.10225890409712307,8.207448959350586
396,0.08155721214370709,3.9888641834259033
397,0.0817759329843067,5.631546497344971
398,0.08859513798352539,3.970837831497192
399,0.07484339385255899,3.0989725589752197
400,0.085550768894879,5.420395851135254
401,0.0707454017210708,3.928020000457764
402,0.09876469729454335,4.21055269241333
403,0.08666876918979985,2.6363508701324463
404,0.0963853299821826,4.169449806213379
405,0.10017733583368701,2.9126765727996826
406,0.08719964419020391,3.630916118621826
407,0.0915209551879905,5.150731086730957
408,0.0841227461242996,4.73380184173584
409,0.08445801509781803,3.471947193145752
410,0.07944504145635153,4.854720115661621
411,0.08644040399435399,3.739555835723877
412,0.09392852926627784,4.210794925689697
413,0.08865707782750366,3.0755324363708496
414,0.11412907495773948,6.150858402252197
415,0.08459639718345664,3.0256707668304443
416,0.10543345695159423,7.471754550933838
417,0.0783374496513469,2.053800344467163
418,0.12270870123662773,5.189608573913574
419,0.0781418831057939,3.1811890602111816
420,0.08296013011120885,4.124241828918457
421,0.08157025055854494,5.371912956237793
422,0.09611955936674677,4.291742324829102
423,0.07962212087234612,2.09913969039917
424,0.11887823563034647,4.2458086013793945
425,0.07308270909110164,12.95807933807373
426,0.10289108925406466,6.0633158683776855
427,0.08355442116373897,1.5810692310333252
428,0.0883856603224056,5.020739555358887
429,0.08985940924035599,13.740888595581056
430,0.08621501072089893,4.437363624572754
431,0.09166759691388392,8.18486213684082
432,0.07083175447329002,2.062072277069092
433,0.08481135974010523,3.0658392906188965
434,0.0986758385131627,4.087058067321777
435,0.08260173701870317,3.5766959190368652
436,0.07723415891484892,3.070742130279541
437,0.08774846684779562,8.876253128051758
438,0.08899423576838611,3.661020278930664
439,0.08065765264249816,2.027695894241333
440,0.08227054170574567,5.064594268798828
441,0.09108856413808036,3.098464250564575
442,0.1034249266902169,6.566989898681641
443,0.08979119625631725,6.950922966003418
444,0.08609479274686131,4.932110786437988
445,0.09507161223091018,8.09123706817627
446,0.09668590407391225,7.773159980773926
447,0.08545287668238782,4.399813652038574
448,0.08437666708084465,4.870665550231934
449,0.08932114613706367,4.700783729553223
450,0.08671901311240589,7.211572170257568
451,0.10272415477743277,4.529077529907227
452,0.081984221122113,5.4221086502075195
453,0.09291771063501822,4.604736804962158
454,0.08023815823572182,4.3646063804626465
455,0.10180772773174998,10.19737434387207
456,0.10331912330110056,3.5338611602783203
457,0.08672912879268005,4.760727882385254
458,0.09455323606684679,5.391509056091309
459,0.07719831666822523,4.413943290710449
460,0.09425291755428848,2.8202219009399414
461,0.0817469552488045,3.175203561782837
462,0.07993258148611349,5.851680755615234
463,0.08414041174683075,3.789027690887451
464,0.08061280933998682,6.760724067687988
465,0.1025842586146724,4.63873815536499
466,0.08524585960159815,2.9460957050323486
467,0.08474222612027406,4.167829990386963
468,0.08514870360189074,5.082635879516602
469,0.07701546829730689,3.790531635284424
470,0.08954559112334315,3.639845609664917
471,0.07318884096960429,5.316856861114502
472,0.09334536073795176,3.534031629562378
473,0.08712999840885559,4.709709644317627
474,0.08437233199259199,6.3174638748168945
475,0.08523316034861456,3.8101894855499263
476,0.07221359470280321,3.3097329139709473
477,0.09003472729694248,3.436460018157959
478,0.07566500978618579,3.7784016132354736
479,0.08960457859120613,2.8448362350463867
480,0.08330144872334588,6.140531063079834
481,0.08336675485824582,9.70329475402832
482,0.0859396495001068,1.7776323556900024
483,0.10339571798443509,4.705142021179199
484,0.08811638342583597,4.494691371917725
485,0.1023931926024936,7.1744513511657715
486,0.08770350259559082,4.961539268493652
487,0.10173427815152712,2.476570844650269
488,0.082609034111777,6.576145172119141
489,0.10797030521277065,6.697621822357178
490,0.0877110015720944,4.26745080947876
491,0.09689846099917372,1.899454116821289
492,0.08509592794035195,6.42901086807251
493,0.08498217994344359,6.353516578674316
494,0.09905621658278223,5.350598335266113
495,0.0774456152336153,3.966668367385864
496,0.10270570540109965,6.215542316436768
497,0.0886766447051962,4.070871829986572
498,0.08617294689554116,2.9237964153289795
499,0.12283505136816647,3.259949207305908
500,0.0987151623307629,2.623485565185547
501,0.0940369631692644,4.85542631149292
502,0.08351737033631178,5.888689994812012
503,0.08306533750056302,5.75524377822876
504,0.08142096970937619,2.854311943054199
505,0.08201523996974956,6.642691135406494
506,0.08627094757257966,2.8989338874816895
507,0.09895072455836135,3.4672083854675293
508,0.09239457768217768,3.88801908493042
509,0.07921543303672758,7.121411323547363
510,0.0756829085353194,2.876121997833252
511,0.09546820425710574,5.183285713195801
512,0.06688178510976472,2.462873697280884
513,0.08842171274686378,2.632371425628662
514,0.0928961416926532,4.3680524826049805
515,0.0767736178174047,3.0189127922058105
516,0.083800080778624,6.792325019836426
517,0.08349501413170944,5.336444854736328
518,0.10258818686043739,7.186252593994141
519,0.07730062365611774,5.181590557098389
520,0.0813663400940513,10.366839408874512
521,0.08735157085747702,3.66223669052124
522,0.09525600764778738,3.607862949371338
523,0.10009272116829261,4.047695636749268
524,0.08202833162450927,4.820311546325684
525,0.09209612879577665,1.8807580471038816
526,0.07392422769758489,4.760228157043457
527,0.0792872086133116,5.1631011962890625
528,0.09249096948547174,7.34152889251709
529,0.08694960476227613,5.311631202697754
530,0.08663851414366625,4.62241792678833
531,0.07975773671725558,5.114192008972168
532,0.0875000796721672,5.720404148101807
533,0.09344313647975158,17.372699737548828
534,0.0873852157026675,3.833748579025269
535,0.08814202993952673,6.3423261642456055
536,0.07875426266923181,3.380186080932617
537,0.07522812126323912,5.968235969543457
538,0.08616483365838082,4.129497528076172
539,0.08530879556173722,2.287722110748291
540,0.08154319215427784,2.723273754119873
541,0.08165152418988925,4.526627540588379
542,0.08694841260853657,8.392409324645996
543,0.0776169339489329,9.806814193725586
544,0.0871406027186561,7.993987083435059
545,0.078871428066347,8.201809883117676
546,0.08767183925824386,3.760215759277344
547,0.07489370212812496,2.4543564319610596
548,0.08401433763545467,5.406176567077637
549,0.08520293624426739,2.634845495223999
550,0.1143620455342801,2.981377363204956
551,0.08198245212951125,3.380321502685547
552,0.08627899723522135,6.702958106994629
553,0.10191335324537697,1.8530648946762085
554,0.08793756618291983,2.7431468963623047
555,0.07612984506021535,3.6675305366516113
556,0.0761861816793481,4.893620491027832
557,0.09288409990475358,6.551183223724365
558,0.09250224300742779,6.358952522277832
559,0.06890916475689172,8.807161331176758
560,0.09988421099181426,5.3123860359191895
561,0.09543916070034618,8.440061569213867
562,0.08416565201354975,6.638075351715088
563,0.07725948794254889,7.052623748779297
564,0.08932622822817234,3.666485548019409
565,0.09395250759050662,4.857097148895264
566,0.09037472026780984,1.9150021076202393
567,0.0952490803673019,12.925824165344238
568,0.07981072328594574,5.133719444274902
569,0.1086791049373941,5.176529884338379
570,0.11014722124551507,3.3171939849853516
571,0.0922721338922358,4.273310661315918
572,0.08275945877909012,17.49866485595703
573,0.07711635440923376,3.264054775238037
574,0.09245002013902051,3.2014098167419434
575,0.07956703248508329,5.889094352722168
576,0.0829015926609031,4.272275924682617
577,0.08265146186447432,3.0409445762634277
578,0.07754369367203262,5.8888726234436035
579,0.0765959928609545,7.1070146560668945
580,0.0748523684744389,2.266352891921997
581,0.08025582102028207,6.686246395111084
582,0.0856396695012487,8.98575496673584
583,0.08961092897974833,2.9890828132629395
584,0.09134136603987768,10.39432144165039
585,0.0822787791274716,7.723301887512207
586,0.0942796542230197,6.364302158355713
587,0.08706626846871794,10.177042961120604
588,0.10721151326554022,3.505620241165161
589,0.08595625074032595,6.206264019012451
590,0.08985590835789783,8.154841423034668
591,0.10443570623491291,5.074087619781494
592,0.07798568947354573,2.7536253929138184
593,0.07835646398233155,3.531611204147339
594,0.07525009136487491,2.829712152481079
595,0.09100782457823972,4.390382766723633
596,0.09394044479216426,4.72417688369751
597,0.07095392362054635,2.991007089614868
598,0.0876160708231988,3.9322047233581543
599,0.07920723123737025,5.207053184509277
600,0.09153840784414467,3.440537929534912
601,0.07666325526556701,7.702115535736084
602,0.07728705443542638,3.0982775688171387
603,0.09026320317845825,6.109126091003418
604,0.09145930332790891,3.0854532718658447
605,0.12030437545040866,14.527262687683104
606,0.08267867147957908,8.0272798538208
607,0.09368863699693346,3.822088718414306
608,0.09409187976792446,3.367441892623902
609,0.08112136131255587,4.457499027252197
610,0.08867342630390834,3.945155382156372
611,0.08987153135799986,7.44991397857666
612,0.08383403641755127,1.6372026205062866
613,0.10183557341695086,7.011272430419922
614,0.10917573758165888,4.030780792236328
615,0.08839142400264685,3.033165454864502
616,0.09178846474064467,4.050848960876465
617,0.07648097872645152,3.699120283126831
618,0.07255029390409504,3.643613815307617
619,0.0805862469702407,5.868473052978516
620,0.11246548754249983,7.478768825531006
621,0.09426326049110652,3.1034724712371826
622,0.08360891667149846,15.97332763671875
623,0.08570539839032917,3.363126277923584
624,0.07921980327926294,3.665119647979736
625,0.07162977267278099,3.1577460765838623
626,0.08645509295756675,3.2591514587402344
627,0.0892870550606433,6.808838844299316
628,0.0869068281620432,3.424776792526245
629,0.07723229390914144,4.6499786376953125
630,0.08007778980436624,5.976114749908447
631,0.08228867457788411,3.9539191722869873
632,0.07809246721096888,7.985963344573975
633,0.0992154516016355,5.010347843170166
634,0.08474859052068903,2.1932976245880127
635,0.08696844698723934,8.605843544006348
636,0.08812495906651698,7.625367641448975
637,0.0733658885400672,4.0387372970581055
638,0.08422685117579223,3.836439609527588
639,0.0770483651693905,6.126298904418945
640,0.08540036851234847,7.468825340270996
641,0.08038465734999196,4.68513822555542
642,0.0879987542294091,5.52262020111084
643,0.08858143543319756,8.35819149017334
644,0.07741084204992066,4.4026594161987305
645,0.0847754059348092,2.5760226249694824
646,0.0787035106898216,2.7516865730285645
647,0.08638558791528571,6.034306049346924
648,0.07822230976830326,4.278083324432373
649,0.07620277416860909,6.755741119384766
650,0.10284408782705626,4.138179779052734
651,0.09689970624673393,4.07293701171875
652,0.08169351094037514,6.235171794891357
653,0.08019010464739094,7.584969520568848
654,0.08261155271565607,5.125497817993164
655,0.08036607289458533,9.274406433105469
656,0.08314353534220964,4.905002117156982
657,0.08127267868749227,3.626983165740967
658,0.09573433455439277,4.203412055969238
659,0.10622448830236507,3.450476884841919
660,0.08378217833002978,3.9903762340545654
661,0.09106264289484405,5.861614227294922
662,0.10820054830096267,6.5138115882873535
663,0.09820027808128527,5.08551025390625
664,0.07619893984862969,6.99130916595459
665,0.12106008519421377,3.1224465370178223
666,0.07690849630232836,3.754140853881836
667,0.08385183405157821,2.904979467391968
668,0.09346856103372081,2.355081796646118
669,0.09603768771423708,5.32705020904541
670,0.08471080933630895,3.093527317047119
671,0.07750144709900605,6.6546311378479
672,0.09473718742340839,5.60379695892334
673,0.08478537048349771,2.1466808319091797
674,0.07272051155298803,6.76720666885376
675,0.09696711384759851,5.195080757141113
676,0.07416197706045081,3.886919498443603
677,0.09657978953027065,5.152056694030762
678,0.08454750709561033,3.7565784454345703
679,0.07544760199772524,3.5592665672302246
680,0.0931672146664754,2.2674050331115723
681,0.0891542624297165,4.989497184753418
682,0.09031323390744271,4.845396995544434
683,0.07676802765521992,6.425555229187012
684,0.08471154222697944,2.744471788406372
685,0.11429819802923344,3.2484257221221924
686,0.11705160778305732,3.5588765144348145
687,0.09827278241307412,20.706422805786133
688,0.0874883649263798,2.843580961227417
689,0.11268694706408541,8.48682975769043
690,0.07734312739155232,2.624582529067993
691,0.0817016594896681,3.3202311992645264
692,0.07656602245741392,5.445255279541016
693,0.08096878902639874,7.514342308044434
694,0.07612602688877927,1.968467354774475
695,0.08493334163694653,2.8649697303771973
696,0.07252331884594115,2.693690776824951
697,0.08637844220531984,2.932934284210205
698,0.08095661978148784,5.090209007263184
699,0.07707522167512253,3.2802188396453857
700,0.096788934025452,4.910838603973389
701,0.10927259069659552,3.1611390113830566
702,0.0955255413708672,2.2793173789978027
703,0.07501322559102894,10.080987930297852
704,0.08359378631145062,2.334778070449829
705,0.07502771135453633,5.381808280944824
706,0.09077525720054722,3.787057399749756
707,0.07266627160522582,5.103854656219482
708,0.0959599270162634,4.509029388427734
709,0.07470088793978834,5.817254066467285
710,0.0864554743825893,6.161309242248535
711,0.08313190483535131,3.12576961517334
712,0.07526106918106691,6.153077125549316
713,0.08160493576975228,3.5755176544189453
714,0.07360212383855659,4.657137870788574
715,0.08188185474799878,6.209907531738281
716,0.13042233985347013,5.81256103515625
717,0.07286886027254884,1.423176407814026
718,0.08155765693640561,1.5304712057113647
719,0.09540301832767148,3.2825043201446533
720,0.08359300163988428,4.153634071350098
721,0.07424455779013794,5.654664516448975
722,0.08934118006156791,3.733893156051636
723,0.07555006346062015,9.38464069366455
724,0.09403615154938129,8.476736068725586
725,0.07462667414764235,5.789074897766113
726,0.08735718811376997,2.663707971572876
727,0.08493976918212205,2.106170892715454
728,0.0953817529448724,6.930397033691406
729,0.1057091477230528,7.033997535705566
730,0.09090823225849294,5.331795692443848
731,0.08049119486310201,6.293057918548584
732,0.08360109271046594,2.5826711654663086
733,0.08827480782235064,5.939048767089844
734,0.12361913214585435,8.184488296508789
735,0.09137181933622802,3.3963732719421387
736,0.09132141068836512,1.3999841213226318
737,0.0983078815696731,3.922664642333984
738,0.09636948699276858,4.861336708068848
739,0.08382781977162979,3.845722198486328
740,0.09419079306941801,11.397184371948242
741,0.08518214996331615,3.0363729000091553
742,0.07347033465612274,4.209076881408691
743,0.12083885867577168,4.453143119812012
744,0.09075562391174968,2.7658374309539795
745,0.07968040962429404,5.004988670349121
746,0.08970791713941638,2.6064019203186035
747,0.08290216340016907,8.539253234863281
748,0.08053753482571288,6.563500881195068
749,0.07412893489759843,11.260015487670898
750,0.0881113681238069,7.20577335357666
751,0.07792622972289193,4.302611351013184
752,0.09401830678653132,4.146371364593506
753,0.07515365623852836,5.397966384887695
754,0.07429002102688295,4.033624649047852
755,0.10258843642417506,1.675172209739685
756,0.09826604740973559,4.275120735168457
757,0.11078950933902014,5.7611188888549805
758,0.07932454060548211,3.530582904815674
759,0.09573424149984411,4.951144695281982
760,0.11249971339111327,5.623721122741699
761,0.0896875158606467,2.849772691726685
762,0.08742580835449311,9.542963027954102
763,0.08081469581090403,4.173084735870361
764,0.09449839569193114,5.050276756286621
765,0.09192362827341241,2.9685659408569336
766,0.07997248689375748,1.9179242849349976
767,0.08743585376331747,3.639774799346924
768,0.09409726545537088,2.3006033897399902
769,0.0796464020416329,3.2843081951141357
770,0.09463149694460085,4.783690452575684
771,0.09041473230370455,5.280325889587402
772,0.09038343917080553,50.02750396728515
773,0.08936356948994825,4.509634971618652
774,0.08592536576526974,2.4035744667053223
775,0.08144095723197098,4.621910095214844
776,0.07471510073966289,6.394294261932373
777,0.09037531083866886,4.509984016418457
778,0.0869574837976601,6.176506042480469
779,0.09366035610014162,3.013952255249023
780,0.08837404257893573,4.316329002380371
781,0.09534755512895131,2.5622944831848145
782,0.10712012644527177,9.71743106842041
783,0.08989222016501232,1.73043954372406
784,0.08251061062997647,5.418826103210449
785,0.08472023489526943,3.6677513122558594
786,0.10556432997440025,6.4189324378967285
787,0.08244416522993182,3.802389144897461
788,0.09432736160823732,4.763340473175049
789,0.08579314400350328,3.7825636863708496
790,0.0857078099342576,9.864563941955566
791,0.08888437580893332,3.5066871643066406
792,0.09129868719893194,5.641015529632568
793,0.07657063896920703,4.748832702636719
794,0.09562091785121327,4.933925628662109
795,0.08699385302270575,5.003087043762207
796,0.08441053069033985,2.326754331588745
797,0.09092777166323865,9.864140510559082
798,0.08013980030438267,4.626316547393799
799,0.09172285971439598,3.267218828201294
800,0.08459082188216571,4.770155906677246
801,0.08550211463480935,1.7132545709609983
802,0.09724546528334843,3.5352394580841064
803,0.08342264525485611,3.575037717819214
804,0.08115824802525623,3.151319742202759
805,0.09492818961153515,3.744726657867432
806,0.07590501389442758,4.384100437164307
807,0.08075939594977548,2.613377332687378
808,0.0812985488226082,6.919348239898682
809,0.0756547327713974,12.27431297302246
810,0.08867026632133365,4.836425304412842
811,0.09005329873580067,9.132391929626465
812,0.11012106587936055,4.71138858795166
813,0.08505329486815877,3.615450382232666
814,0.08668895866374739,23.888273239135746
815,0.0877749610662587,8.062427520751953
816,0.07830011040885493,2.4431440830230713
817,0.08183295209637677,2.7377328872680664
818,0.08855204433475107,8.21019172668457
819,0.08163927671887,5.991913795471191
820,0.0766544765568441,4.133712291717529
821,0.07486796710041743,6.106663703918457
822,0.07395933257135974,6.2806477546691895
823,0.09765575141800252,4.0684428215026855
824,0.08077633034578581,4.125288963317871
825,0.08130124094148967,3.8264873027801514
826,0.08256461820459504,3.098736524581909
827,0.08928006658348578,3.0059072971343994
828,0.0761582329375608,6.779496192932129
829,0.08428176769583422,5.47695255279541
830,0.08044945374614591,3.3774750232696533
831,0.07426085771498891,1.9658784866333008
832,0.08508427183433463,1.868893265724182
833,0.12117409439149987,8.578185081481934
834,0.08097662849223203,15.035415649414062
835,0.07544378145009913,3.019309759140014
836,0.09841726416740036,8.184927940368652
837,0.08622186891619969,2.642129182815552
838,0.06989618452862807,5.0706467628479
839,0.11305613785619724,1.9965639114379885
840,0.09105083021831782,1.994133710861206
841,0.07981412788357925,4.932062149047852
842,0.09104267171108567,12.95575714111328
843,0.09804569969236834,5.346700668334961
844,0.09185964748724801,2.7989535331726074
845,0.07366806317504947,2.422812223434448
846,0.09086792640132972,3.46030855178833
847,0.08629731713154692,3.192537546157837
848,0.0822497855812851,2.5585708618164062
849,0.06992670979451705,4.341712951660156
850,0.07893154538294567,3.857194185256958
851,0.08073365983667234,7.444521427154541
852,0.08554491939612127,4.827385902404785
853,0.08294772126833173,6.537661075592041
854,0.08446321181216086,6.228758811950684
855,0.08197968951759003,8.038079261779785
856,0.0753520228174832,8.163331985473633
857,0.10128439757371492,3.303750276565552
858,0.08298674662751668,2.564504623413086
859,0.08517516864429743,6.594581604003906
860,0.0924122054296088,3.3442821502685547
861,0.08613876311250507,3.558008909225464
862,0.08233211658588722,6.256475925445557
863,0.07221333025129882,2.493527889251709
864,0.08226726194576163,5.827302932739258
865,0.0769437221329658,12.86152458190918
866,0.08878554191204113,6.019247531890869
867,0.09505452883343178,6.737528324127197
868,0.0925409575234728,5.050748825073242
869,0.07594401335410547,2.211782455444336
870,0.07994376921735717,8.574031829833984
871,0.07258538477447002,4.263166904449463
872,0.08316484048420013,2.632904529571533
873,0.10094854926157106,3.041731357574463
874,0.0770542564822242,1.908761739730835
875,0.0946175151818024,3.266318082809448
876,0.0741004544619044,6.5286126136779785
877,0.09209501972167496,3.3240368366241455
878,0.0991678903718931,3.5082080364227295
879,0.07863051911912951,4.840892791748047
880,0.0775711483544893,3.071808338165283
881,0.09706032237443962,4.015915870666504
882,0.07337622729414728,5.5893096923828125
883,0.09077120437163917,4.711946964263916
884,0.08472606604814045,10.085043907165527
885,0.07386236878802414,5.665925025939941
886,0.08148385423685146,4.456319808959961
887,0.12381366594321151,4.428005218505859
888,0.10416765588181631,3.976879119873047
889,0.09019704849583758,2.7132630348205566
890,0.08431803068965103,3.2927021980285645
891,0.09095161170241894,3.952025175094605
892,0.0861099170029721,2.6490671634674072
893,0.08491809471207976,3.2882943153381348
894,0.07579687296918283,3.595263957977295
895,0.0816390278705765,8.840790748596191
896,0.07770251111454662,1.921299695968628
897,0.07897822476811436,5.5775041580200195
898,0.09396377814567365,4.854270935058594
899,0.10040547183270042,5.617308616638184
900,0.10657182003912641,2.09525990486145
901,0.08032967294179574,8.703421592712402
902,0.10090760854408785,7.922922611236572
903,0.1167906222188861,3.694327592849731
904,0.09945471226760276,4.282155990600586
905,0.08782610192738896,4.204885959625244
906,0.08476995121993937,5.034160137176514
907,0.0736493147506321,8.468206405639648
908,0.10688497515113554,4.656780242919922
909,0.08619823046034694,10.153139114379885
910,0.08068292785554271,9.910530090332031
911,0.08919950447830949,2.698888063430786
912,0.09137885640318899,6.770388126373291
913,0.07687642474104774,6.299993991851807
914,0.07628054597228107,4.6277031898498535
915,0.07663068692768991,3.224968671798706
916,0.0793639429745519,8.39505386352539
917,0.0788510648620747,3.948718547821045
918,0.09231313555938189,4.5592827796936035
919,0.0838687471117133,5.154082298278809
920,0.08133363426627592,4.671515464782715
921,0.0860980604420953,12.932995796203612
922,0.08193552958664309,5.774913311004639
923,0.09832469849255343,5.5766096115112305
924,0.08690443656172558,6.399505138397217
925,0.09106051745269533,5.2311201095581055
926,0.08416435609214118,2.229562520980835
927,0.14303718951706582,4.792562484741211
928,0.07841032699065686,8.437166213989258
929,0.09220078837251,2.46559476852417
930,0.08510587344656535,3.9686031341552734
931,0.08031575685995411,2.332601547241211
932,0.0774392290484297,9.988153457641602
933,0.07737785430944236,1.699329137802124
934,0.08457576907244854,6.8898162841796875
935,0.07410311956106135,6.463054656982422
936,0.07500755898885841,4.601441383361816
937,0.08224248472612739,4.474033355712891
938,0.07900154286717592,2.664733409881592
939,0.08145333290441714,5.0459089279174805
940,0.07015193659302087,2.0296711921691895
941,0.0770148133450091,4.213135242462158
942,0.10741293381687222,13.54811668395996
943,0.0994074030293063,5.1685004234313965
944,0.09861036664341216,3.4490692615509033
945,0.0872433111840689,2.590696096420288
946,0.09346543701159821,5.722276210784912
947,0.09191235299351173,2.8973236083984375
948,0.07507638868674253,4.4814276695251465
949,0.10148060386766326,5.39427375793457
950,0.10578833032699127,4.042387962341309
951,0.08348297237661102,7.104134559631348
952,0.09936754812866705,5.363070011138916
953,0.07989082358296708,4.2916154861450195
954,0.08897085699846384,5.565104961395264
955,0.09567306415928087,4.833747386932373
956,0.07232900415866647,3.3215389251708984
957,0.08093824963953546,1.957617163658142
958,0.08332161551233369,8.388890266418457
959,0.07613408707130803,4.574980735778809
960,0.1006411592289976,2.703451633453369
961,0.07654224026895191,2.901271343231201
962,0.08055487346002112,5.241578578948975
963,0.08703796836745167,6.273259162902832
964,0.07751554441868369,3.5373611450195312
965,0.0966796996741914,4.025007724761963
966,0.08017304781945168,11.931516647338867
967,0.09433883243384149,6.738303184509277
968,0.09337486708684313,4.871108531951904
969,0.08215112876759631,3.49723744392395
970,0.0870990976478249,3.5737392902374268
971,0.09017704982685434,3.095964193344116
972,0.08149579927773809,3.8194053173065186
973,0.08701612352188692,4.909129619598389
974,0.07914490667509098,9.87050437927246
975,0.0879506693192002,3.336761951446533
976,0.07794365061304447,5.918463706970215
977,0.10884080136447062,3.395806074142456
978,0.07065529924222105,3.235989809036255
979,0.10247110891621634,9.11678981781006
980,0.08207554104101443,8.516697883605957
981,0.08146036720990732,3.708354949951172
982,0.08465295676232076,3.99617075920105
983,0.08280349226382772,5.158848762512207
984,0.09778973516412198,2.152635097503662
985,0.08252159390287386,3.200291395187378
986,0.08237607334470955,3.759851455688477
987,0.08128315026201881,2.1520164012908936
988,0.1067605692696092,10.79998779296875
989,0.0733927204067473,3.9007411003112793
990,0.0913695893161426,2.1839711666107178
991,0.10771823686081629,3.046311140060425
992,0.10919085285320168,17.732324600219727
993,0.1250843122164601,5.999615669250488
994,0.08440826731061146,4.4349164962768555
995,0.09860400170167093,3.751282215118408
996,0.0830286377234432,10.414999008178713
997,0.09652796626602914,7.418023586273193
998,0.10356492284057688,5.811160564422607
999,0.07263970472584903,4.317912578582764
1000,0.09742542428543859,3.4656729698181152
1001,0.11802891342345058,2.3877007961273193
1002,0.08082102473168762,2.43928861618042
1003,0.07955356761358971,7.181458950042725
1004,0.08669770462820153,5.135249614715576
1005,0.0724087954235248,5.422407150268555
1006,0.09334959803013305,10.305978775024414
1007,0.09724954471526122,9.12144374847412
1008,0.09390209406357543,6.448390960693359
1009,0.07975923229735407,5.684009075164795
1010,0.08553233812504368,5.773688316345215
1011,0.08238086631339138,11.741243362426758
1012,0.07847864229071423,5.766829967498779
1013,0.0822924183795815,4.691293239593506
1014,0.08664810084752901,3.9634082317352295
1015,0.0907862285981591,6.198623180389404
1016,0.10038370576209014,2.017906188964844
1017,0.11744356163549226,2.9038076400756836
1018,0.07955995869818445,1.8961683511734009
1019,0.09535886689891249,2.7589802742004395
1020,0.07113910445510033,4.721670150756836
1021,0.09223990532468229,3.1936676502227783
1022,0.07613826468104735,2.827810764312744
1023,0.08289120737521777,5.061668872833252
1024,0.09120931879040962,5.736037731170654
1025,0.07635294549858504,3.493607759475708
1026,0.11000527755598448,2.9345390796661377
1027,0.08669538316276862,3.692065715789795
1028,0.0858135248728304,4.022486686706543
1029,0.09970492313624703,7.914999485015869
1030,0.07755268065867796,5.196993827819824
1031,0.10145226935360403,4.262743949890137
1032,0.0866517885317293,4.173647880554199
1033,0.08181937063558375,3.7951228618621826
1034,0.07540194529530604,2.4042301177978516
1035,0.08281552243769759,22.966869354248047
1036,0.09529723341382919,4.196440696716309
1037,0.07786154101123094,8.038095474243164
1038,0.09129132785334652,3.7821707725524902
1039,0.08523351707401229,3.017394542694092
1040,0.07637791772834769,2.924109697341919
1041,0.09920331083133038,5.227855682373047
1042,0.10842586709299618,4.053994655609131
1043,0.08773713465434092,2.1488378047943115
1044,0.09052154115903654,5.092828750610352
1045,0.07892949379193662,6.600262641906738
1046,0.07743762438495994,3.2154648303985596
1047,0.0856036263213252,7.983792781829834
1048,0.08088175616286686,4.257949352264404
1049,0.08413774983961567,3.3410897254943848
1050,0.07909694616572517,5.799412727355957
1051,0.09275257976145257,2.1988437175750732
1052,0.08183251624841241,4.046289443969727
1053,0.09198913720804314,8.625514030456543
1054,0.07747571156277647,5.494584083557129
1055,0.09311785287562556,5.906148910522461
1056,0.08158044101187106,3.110806941986084
1057,0.07613807722073042,4.790951728820801
1058,0.08269035392342058,10.65150547027588
1059,0.09874549033999647,3.5956718921661377
1060,0.07820834545159344,3.1560869216918945
1061,0.09751716142875938,4.807933807373047
1062,0.0883635621096376,2.7104685306549072
1063,0.08311255607549393,6.072073936462402
1064,0.071463408410754,2.8648834228515625
1065,0.09276169027033196,7.069605827331543
1066,0.0891742246252586,6.163917541503906
1067,0.07872860136518747,3.5689589977264404
1068,0.08965516518286872,3.3361332416534424
1069,0.07138943023199962,2.911991596221924
1070,0.09984870436781214,11.298908233642578
1071,0.08267807225553783,3.680312395095825
1072,0.09019706296232051,5.059491157531738
1073,0.07462103548854826,5.76885461807251
1074,0.08705290584462715,13.466888427734377
1075,0.10514611851498969,3.5393989086151123
1076,0.09117798898954892,6.450747489929199
1077,0.07987101175409268,3.2520813941955566
1078,0.0938999803418638,3.4478468894958496
1079,0.08513701359542694,4.1744818687438965
1080,0.07488251888951482,4.549304485321045
1081,0.07581857231157968,3.3225560188293457
1082,0.10763175620383322,3.976581573486328
1083,0.07419476328840836,6.134647369384766
1084,0.08218940341102031,2.413672924041748
1085,0.07639174794997687,8.593851089477539
1086,0.08523362321489603,8.64836597442627
1087,0.08736067520396766,3.941091537475586
1088,0.07920548949531044,5.7533979415893555
1089,0.07502809927871436,3.925567626953125
1090,0.07731704399463406,2.974891662597656
1091,0.0857713241229025,2.388247489929199
1092,0.09671483493832178,5.08834171295166
1093,0.09480333992689116,7.705964088439941
1094,0.07631837656336239,5.101841926574707
1095,0.07286987449318055,6.303772926330566
1096,0.0929638927624954,5.342625141143799
1097,0.0985705068711746,8.694833755493164
1098,0.09573719157377848,3.845372676849365
1099,0.07231300087816792,3.079286813735962
1100,0.08556563817792424,2.899310350418091
1101,0.09773739303012108,6.6199846267700195
1102,0.09415749925735732,6.135069847106934
1103,0.08904729273730501,4.629796504974365
1104,0.09017026357509327,8.420589447021484
1105,0.07712327410853813,5.162876605987549
1106,0.10018570012357925,4.527215003967285
1107,0.07890594533810051,5.101963043212891
1108,0.07373943127863392,4.939957141876221
1109,0.08535097074158371,4.838080406188965
1110,0.08308412055444457,2.174131155014038
1111,0.08453517157304727,6.419373512268066
1112,0.08628521787491028,4.472598552703857
1113,0.07252174369434194,2.7268033027648926
1114,0.07913616482951821,3.72526478767395
1115,0.0924931792596179,1.897671103477478
1116,0.09343573355722751,3.5181286334991455
1117,0.09132405213230782,5.492527961730957
1118,0.09629874971741874,3.209761142730713
1119,0.10017292861525393,3.967470645904541
1120,0.08651485282692353,3.507462739944458
1121,0.09455662942808352,4.974430561065674
1122,0.0849752248107689,6.401960849761963
1123,0.08298557462779947,2.321051836013794
1124,0.09858030814992061,4.46263313293457
1125,0.08126279194553866,3.4313430786132812
1126,0.07681148582486612,3.615074634552002
1127,0.07620932765003206,6.074896812438965
1128,0.0907924273049628,1.9907426834106443
1129,0.09119607949095983,3.9286601543426514
1130,0.10878995683368362,3.1977360248565674
1131,0.08746655139281777,2.348085880279541
1132,0.08262054941675266,3.118666887283325
1133,0.09290752087686904,3.6578850746154785
1134,0.08448024527699718,5.699747562408447
1135,0.0932764844921806,3.0575056076049805
1136,0.08658601844326119,6.205142021179199
1137,0.08451137110129786,13.113134384155272
1138,0.07720129066059503,5.025559902191162
1139,0.08041703915297468,4.525791168212891
1140,0.07917406798933015,6.913279056549072
1141,0.08992591607221548,19.19314193725586
1142,0.08950733842731752,2.723691463470459
1143,0.10978372079837934,11.75930404663086
1144,0.0886222903283937,5.012392997741699
1145,0.07486882279294438,2.840702533721924
1146,0.09397227836963144,1.906420946121216
1147,0.08782474053061119,4.094759464263916
1148,0.07755305878709265,2.850435733795166
1149,0.08082159437958092,3.4395885467529297
1150,0.08890899950725549,3.084340333938598
1151,0.08183474958532509,3.0583596229553223
1152,0.07945458320477931,6.540424346923828
1153,0.10203317426779318,3.5204639434814453
1154,0.1005086068297087,6.287539482116699
1155,0.08166354195941584,4.567492485046387
1156,0.10495309933928458,2.4134812355041504
1157,0.07277785270727323,4.399860382080078
1158,0.0863651553630825,9.135448455810549
1159,0.09541297833712013,7.098596096038818
1160,0.08784604325939009,2.7850096225738525
1161,0.10026617259267914,7.969817161560059
1162,0.08460732206162618,3.744805812835694
1163,0.07520261932712291,8.38960075378418
1164,0.07450315882484473,4.220812797546387
1165,0.07926889252206462,8.574719429016113
1166,0.08145903452340547,8.290594100952148
1167,0.09361653372852674,7.120943546295166
1168,0.0835784870331839,14.854286193847656
1169,0.07473290356558991,5.985600471496582
1170,0.07477489680297367,4.355716228485107
1171,0.08772332143548037,7.155371189117432
1172,0.08858418850432986,4.404630184173584
1173,0.09089469688141809,2.472465753555298
1174,0.09265300783447492,5.272212028503418
1175,0.08409200481950724,6.403506278991699
1176,0.08901299471002179,5.493495941162109
1177,0.10022605331304636,3.885361909866333
1178,0.10253027576420694,9.347339630126951
1179,0.0752293102066685,5.871280670166016
1180,0.0795164249208828,10.175237655639648
1181,0.08638728423883066,4.94371223449707
1182,0.08719823963700934,5.016631603240967
1183,0.09012042670432435,2.6306447982788086
1184,0.08537089234468807,8.415117263793945
1185,0.10396156596998056,3.0637989044189453
1186,0.07778163237460142,7.767276763916016
1187,0.09221280783888829,2.749091625213623
1188,0.08558702815028434,8.168030738830566
1189,0.07973877980222228,3.823586940765381
1190,0.07540891320605476,3.6099791526794434
1191,0.08086181760172856,8.572298049926758
1192,0.08740632194970359,4.948288917541504
1193,0.07631643989970016,5.91571044921875
1194,0.08953690822239109,11.038333892822266
1195,0.08519432266002656,1.7829058170318604
1196,0.08701008994281789,5.250572681427002
1197,0.09233511970184581,3.667093992233277
1198,0.08087830697935869,7.267665863037109
1199,0.08193696340119855,3.5569305419921875
1200,0.08462347569636608,3.49957537651062
1201,0.07583787479418606,2.6662540435791016
1202,0.10160514000816565,3.688952684402466
1203,0.08787528345088051,4.392022132873535
1204,0.0973008831333075,5.669135093688965
1205,0.07985520446299568,1.920331358909607
1206,0.08170463613075098,5.4785661697387695
1207,0.10443893397473615,3.520432710647583
1208,0.08391876309041713,2.9038166999816895
1209,0.11119605809979098,5.558858394622803
1210,0.09419020963197444,5.887049674987793
1211,0.08445599397434458,5.108794689178467
1212,0.07886980332253835,2.189791440963745
1213,0.08555398210779193,10.450056076049805
1214,0.0761913771742099,3.327894926071167
1215,0.08088166883551068,3.9075751304626465
1216,0.08594127620995023,4.780010223388672
1217,0.09162907918154137,2.037590980529785
1218,0.09934802386755456,12.328519821166992
1219,0.08396849555387963,6.417675018310547
1220,0.0868592396164225,10.51832103729248
1221,0.10920504263687619,2.7025179862976074
1222,0.0827983641445499,3.484701871871948
1223,0.08247732175072872,5.326301574707031
1224,0.09832732117764803,5.23829984664917
1225,0.09063428974876014,3.721045017242432
1226,0.09485935660298231,6.004715442657471
1227,0.08340219867226766,12.17247200012207
1228,0.09265008568361248,3.574518918991089
1229,0.09094597184405762,9.275826454162598
1230,0.08986651181223143,5.262798309326172
1231,0.07990086457258479,2.6309328079223633
1232,0.08651105946476151,3.931837797164917
1233,0.08533169519844842,4.923323631286621
1234,0.08662067040503231,4.029631614685059
1235,0.07902862239098223,4.186764717102051
1236,0.08083043110228609,3.471141815185547
1237,0.0782352272876164,5.436586856842041
1238,0.09027540648106061,1.5442736148834229
1239,0.08929105563099084,5.252239227294922
1240,0.08267621339066208,10.458513259887695
1241,0.09947085675399965,3.4843380451202393
1242,0.10880899534714421,2.748826503753662
1243,0.08714959818791616,3.898306369781494
1244,0.09713971054075969,5.892380237579346
1245,0.08788294658958544,10.290901184082031
1246,0.1387019942088406,8.762503623962402
1247,0.07690440945901435,4.92244815826416
1248,0.08705665868068128,3.953988552093506
1249,0.10190839795130407,4.518397808074951
1250,0.0934409094234011,6.477931976318359
1251,0.0858623981438678,6.630352020263672
1252,0.10547886020144046,6.599045753479004
1253,0.0851546795024224,2.335703611373902
1254,0.07835277224133956,4.596014499664307
1255,0.0854708970271971,8.29347038269043
1256,0.08092256600953762,3.663302183151245
1257,0.0918026472756705,6.531862735748291
1258,0.10091052007704793,3.0661368370056152
1259,0.07631525627614283,4.6005754470825195
1260,0.07443527294099665,3.683443069458008
1261,0.09394671728682337,7.789723873138428
1262,0.12283825322751732,4.775904655456543
1263,0.09759338626251754,5.589656352996826
1264,0.09075964332848187,3.301213026046753
1265,0.09333294805772667,4.669854640960693
1266,0.08136406406092665,2.694477081298828
1267,0.07773923920044308,2.396303653717041
1268,0.06981630186422197,3.33882474899292
1269,0.08855678384239113,1.447960376739502
1270,0.08755689340887816,2.5734951496124268
1271,0.08213750515726732,5.3773298263549805
1272,0.08224060541451593,4.32867956161499
1273,0.09000957256944228,4.088809490203857
1274,0.08441225311257572,6.075658798217773
1275,0.08848281406858195,4.094701290130615
1276,0.09611720186298842,7.917392730712891
1277,0.09248568775580138,2.8848624229431152
1278,0.08062668093220812,2.2909436225891113
1279,0.0748861815027246,5.399527549743652
1280,0.07519912219728332,4.616106986999512
1281,0.09148786646794829,2.9717118740081787
1282,0.0992826885449788,3.2538084983825684
1283,0.09259326315840109,8.447794914245605
1284,0.08927465203467491,2.5511045455932617
1285,0.08069789257174058,4.058481216430664
1286,0.08880208397560156,6.8782806396484375
1287,0.08438325162537873,3.3290066719055176
1288,0.07762351192084696,8.549421310424805
1289,0.08245293003816145,2.9787895679473877
1290,0.0817557986196242,3.7657179832458496
1291,0.07631684019997516,2.2849082946777344
1292,0.08488136759950486,3.9367001056671143
1293,0.11124458968516593,9.329825401306152
1294,0.08754692367434075,3.999733686447144
1295,0.08935573616529055,2.6949994564056396
1296,0.0727564662270364,6.79651403427124
1297,0.0960755260651902,6.501070499420166
1298,0.1379236591986646,3.47122573852539
1299,0.09582773897045846,13.274362564086914
1300,0.08280902737098776,6.149929046630859
1301,0.0874352655634127,6.448037624359131
1302,0.08447459473145535,4.073365211486816
1303,0.07712563355010824,6.7923903465271
1304,0.09492090960042089,6.6970648765563965
1305,0.07411931244169935,4.409998893737793
1306,0.09287728200721118,4.237353801727295
1307,0.0962826060752839,4.480166435241699
1308,0.07078890350468756,3.612163543701172
1309,0.08607226962298392,3.231776475906372
1310,0.0883459095906926,2.080183267593384
1311,0.09165709190198366,7.677451133728027
1312,0.09161581688845469,5.219794750213623
1313,0.08204826026368292,3.853406190872192
1314,0.0918393785781814,4.412603855133057
1315,0.09306786719432716,2.428353786468506
1316,0.0776183910829981,2.6114916801452637
1317,0.08486079032781695,18.49051856994629
1318,0.08215187761701992,3.4570140838623047
1319,0.08357190913857988,3.3460135459899902
1320,0.07847381778971567,4.753212928771973
1321,0.08767387136788295,4.600787162780762
1322,0.0873217600190679,4.192739963531494
1323,0.1134598733217798,7.55890417098999
1324,0.08501014298552803,2.8281867504119873
1325,0.08425999245761244,6.214993953704834
1326,0.07525664149681686,7.5647172927856445
1327,0.08963082664240651,3.1567845344543457
1328,0.08036182504262657,3.314112901687622
1329,0.09556792882208745,4.707183837890625
1330,0.08127920834488875,3.073689222335815
1331,0.08707715528114883,3.622546434402466
1332,0.08023465091800445,5.869529724121094
1333,0.08471069082489312,4.863650321960449
1334,0.09580903109519084,2.6809487342834473
1335,0.1186351336361396,4.611832618713379
1336,0.07174331930766269,3.2044548988342285
1337,0.08034655435938035,7.22083044052124
1338,0.0828562349676162,8.370914459228516
1339,0.08466346142397548,3.608304262161255
1340,0.09266274782703045,6.26209020614624
1341,0.0976745852147163,5.252370357513428
1342,0.09099408592326298,2.3379828929901123
1343,0.08146406305906316,12.038966178894045
1344,0.09262545239942142,4.2915778160095215
1345,0.0979644374212806,17.077701568603516
1346,0.08510602891514255,8.196588516235352
1347,0.08258321037120095,10.398557662963867
1348,0.07851970439156299,1.59062397480011
1349,0.09866669597551947,7.493277072906494
1350,0.08834718940536856,2.589359998703003
1351,0.10227497697518956,3.9756674766540527
1352,0.07912580756503389,7.702633857727051
1353,0.08715961288543603,3.5582516193389893
1354,0.08692739173634892,3.2972075939178467
1355,0.08280583442986071,7.28794002532959
1356,0.08467697746387522,2.11514663696289
1357,0.08460378594695449,10.684755325317385
1358,0.07475989899372751,4.431743621826172
1359,0.08748789000297875,7.798998832702637
1360,0.11085273516533196,6.43466329574585
1361,0.07877247069576354,3.0338149070739746
1362,0.09343722500165631,4.535221576690674
1363,0.0877572381525187,5.57637882232666
1364,0.08404528257858898,2.299337148666382
1365,0.12137057894220726,5.8903913497924805
1366,0.0893340353064483,4.682663917541504
1367,0.09248729695503023,4.790261268615723
1368,0.07957137225809635,2.014949321746826
1369,0.0940233154027932,11.343210220336914
1370,0.10909785529330986,4.954023838043213
1371,0.09869654003509018,11.492464065551758
1372,0.08608482781977524,4.531859397888184
1373,0.08340958278522155,6.020787715911865
1374,0.07768280925535884,4.090426921844482
1375,0.0845215180424396,3.788050413131714
1376,0.10453017618862273,5.647928714752197
1377,0.08959013591420634,6.46289587020874
1378,0.08616980544465155,2.302953004837036
1379,0.08877066358386429,4.437287330627441
1380,0.08150938877371912,2.7420995235443115
1381,0.08785951300292666,2.465015172958374
1382,0.08957101746117065,1.3722097873687744
1383,0.0845972253322855,2.775578260421753
1384,0.11030297528460405,4.211289405822754
1385,0.08345568497878852,5.6601409912109375
1386,0.09275840763393284,3.2805068492889404
1387,0.08865826765079024,5.617233753204346
1388,0.08699594643338647,4.007010459899902
1389,0.0751067570016928,5.681729316711426
1390,0.0903271096036171,5.840980529785156
1391,0.09429943207032486,4.9659104347229
1392,0.07494095339843472,4.137787818908691
1393,0.0924288075742988,1.9061464071273804
1394,0.0987323956364112,2.23677921295166
1395,0.13983928035800886,5.3304972648620605
1396,0.08565155434645193,5.294439315795898
1397,0.08333175840605839,2.09424352645874
1398,0.08041771729173956,6.215865612030029
1399,0.07581275420714945,2.508695363998413
1400,0.08908123357113677,2.8801119327545166
1401,0.08225118073263883,6.014603137969971
1402,0.0957975919141523,6.69509744644165
1403,0.08745276622502546,4.160937786102295
1404,0.07917401694587055,4.8184404373168945
1405,0.09397829081736968,5.915114402770996
1406,0.09620389398859214,5.219665050506592
1407,0.11989457942492938,2.4402689933776855
1408,0.09890089690996362,6.712899684906006
1409,0.08488121502713285,5.627792835235596
1410,0.08134839452043566,4.270132064819336
1411,0.07450484268690835,2.702507734298706
1412,0.08302447892803397,3.694411039352417
1413,0.0891158579774211,5.292585849761963
1414,0.07858650275897461,2.423131942749023
1415,0.10206398546805698,5.822852611541748
1416,0.08769304424327509,3.051008462905884
1417,0.0912744692172816,3.4248218536376953
1418,0.09885814299519843,5.2032365798950195
1419,0.08806617601097928,3.4297232627868652
1420,0.08121119539694509,4.388139724731445
1421,0.083234354046566,6.5806884765625
1422,0.10962689075254116,4.590868949890137
1423,0.0798709029644574,8.06208610534668
1424,0.08390966452158476,4.974695682525635
1425,0.08251770641131649,7.55051326751709
1426,0.09303227307072619,3.1933999061584473
1427,0.10590543711876331,5.803431987762451
1428,0.08466635704019439,3.293344020843506
1429,0.08485054534779352,3.3684418201446533
1430,0.08599803452706517,3.113373041152954
1431,0.10292475845950771,4.395165920257568
1432,0.09153465532934886,4.567494869232178
1433,0.08393178470839327,2.1830248832702637
1434,0.08503854990169028,9.565104484558104
1435,0.10600455387494374,4.053493022918701
1436,0.07531528001994273,3.7860560417175297
1437,0.11351089545499846,2.4442334175109863
1438,0.09497767075772558,3.7201080322265625
1439,0.09294653432460435,4.116630554199219
1440,0.10378541308317583,4.173861503601074
1441,0.09663328057518376,7.761709690093994
1442,0.09206941886410387,6.116537094116211
1443,0.07619217710166667,3.331963062286377
1444,0.08543707326664964,4.4194793701171875
1445,0.08236345867358542,5.775353908538818
1446,0.06940793509520335,2.053629159927368
1447,0.0728135588649224,5.753874778747559
1448,0.09128063795987872,9.756253242492676
1449,0.0969968445895414,3.2597038745880127
1450,0.09376082123046112,5.836212635040283
1451,0.09800117140193135,6.433107852935791
1452,0.08018945670961157,3.6726441383361816
1453,0.09550138550144854,2.04648494720459
1454,0.09395092068879424,19.26019859313965
1455,0.07940971070891767,1.4983283281326294
1456,0.07980732336591224,4.812066078186035
1457,0.09783384818879512,4.433873653411865
1458,0.09633166678511579,3.3166191577911377
1459,0.11165337338928048,2.899353504180908
1460,0.07566520011342573,2.7623276710510254
1461,0.10028944812712055,4.181728363037109
1462,0.09304601114244314,2.8642265796661377
1463,0.09002589276092587,4.05362606048584
1464,0.08091504720083256,4.660539150238037
1465,0.08532159844144953,2.190186023712158
1466,0.08788887965666649,2.1082892417907715
1467,0.08139049757187262,6.336534023284912
1468,0.07788521090450791,6.654305458068848
1469,0.07252512273769844,4.379159450531006
1470,0.08166404913677248,11.247773170471191
1471,0.09267958548962225,2.923758029937744
1472,0.07885630962013612,5.584922790527344
1473,0.10619317984716364,4.590527534484863
1474,0.08662072599931381,3.9499881267547607
1475,0.07699285299716098,2.541525363922119
1476,0.09880512945526572,4.40139102935791
1477,0.07740741912227861,7.359050750732422
1478,0.10567403446564422,4.778645992279053
1479,0.08393502334156079,2.648059844970703
1480,0.08549352471666986,7.995429992675781
1481,0.08150133374236614,3.2106597423553467
1482,0.08578943383462857,3.437753677368164
1483,0.08312081787514476,3.370779037475586
1484,0.1048387037609244,6.812371730804443
1485,0.1310124358459832,9.097208023071287
1486,0.08178755206896453,5.525235176086426
1487,0.09080648373694797,2.883495807647705
1488,0.07395546230615703,1.5839341878890991
1489,0.07732350744786902,4.373028755187988
1490,0.07525449571646162,6.1488261222839355
1491,0.10268216164481152,2.8900203704833984
1492,0.09056517980519171,6.575215816497803
1493,0.10515081984501287,4.994597911834717
1494,0.081956801123452,3.859503984451294
1495,0.0903627488482061,1.7945826053619385
1496,0.11253617746439504,2.9203667640686035
1497,0.07859780207277073,6.627982139587402
1498,0.08496681774157858,3.4788291454315186
1499,0.09976598908923659,6.890236854553223
1500,0.08812111158219627,2.1758718490600586
